Workbook

Sheet Chamados
A1: ID | B1: Solicitante | C1: Unidade | D1: Setor | E1: Problema | F1: Manutenção | G1: Prioridade | H1: Status | I1: Criação | J1: Início | K1: Finalização | L1: Duração (horas) | M1: Equipe Utilizada | N1: Custo Hora Equipe | O1: Custo do Chamado (R$)
A2: CH-1775826966193 | B2: Gabriel | C2: CD | D2: FRIOS | E2: Exaustores do Salao da Padaria Central | F2: Corretiva | G2: Média | H2: Concluído | I2: 10/04/2026 10:16:06 | J2: 10/04/2026 10:17:35 | K2: 10/04/2026 10:17:52 | L2: =IF(AND(J2<>"",K2<>""),(K2-J2)*24,"") -> 0.0047222223 | M2: Equipe 1 + Equipe 2 | N2: =IF(M2="Equipe 1",81,IF(M2="Equipe 2",81,IF(M2="Equipe 1 + Equipe 2",128,""))) -> 128 | O2: =IF(AND(L2<>"",N2<>""),L2*N2,"") -> 0.60444445
A3: CH-1775768734867 | B3: Diego Linhares | C3: CENTRO | D3: ADM | E3: BANHEIRO | F3: Corretiva | G3: Média | H3: Concluído | I3: 09/04/2026 18:05:34 | J3: 10/04/2026 09:31:31 | K3: 10/04/2026 10:06:17 | L3: =IF(AND(J3<>"",K3<>""),(K3-J3)*24,"") -> 0.57944444 | M3: Equipe 2 | N3: =IF(M3="Equipe 1",81,IF(M3="Equipe 2",81,IF(M3="Equipe 1 + Equipe 2",128,""))) -> 81 | O3: =IF(AND(L3<>"",N3<>""),L3*N3,"") -> 46.935
A4: CH-1775763858755 | B4: Wellington | C4: LOJA 18 | D4: Predial | E4: Piso | F4: Corretiva | G4: Média | H4: Concluído | I4: 09/04/2026 16:44:18 | J4: 10/04/2026 01:49:22 | K4: 10/04/2026 01:49:22 | L4: =IF(AND(J4<>"",K4<>""),(K4-J4)*24,"") -> 0 | M4: Equipe 2 | N4: =IF(M4="Equipe 1",81,IF(M4="Equipe 2",81,IF(M4="Equipe 1 + Equipe 2",128,""))) -> 81 | O4: =IF(AND(L4<>"",N4<>""),L4*N4,"") -> 0
A5: CH-1775674325198 | B5: Marlon | C5: LOJA 13 | D5: Predial | E5: CAMARA FRIOS | F5: Preventiva | G5: Média | H5: Em andamento | I5: 08/04/2026 15:52:05 | J5: 11/04/2026 11:39:41 | L5: =IF(AND(J5<>"",K5<>""),(K5-J5)*24,"") | M5: Equipe 2 | N5: =IF(M5="Equipe 1",81,IF(M5="Equipe 2",81,IF(M5="Equipe 1 + Equipe 2",128,""))) -> 81 | O5: =IF(AND(L5<>"",N5<>""),L5*N5,"")
A6: CH-1775674237974 | B6: Fabio | C6: LOJA 13 | D6: Predial | E6: LIXEIRO | F6: Corretiva | G6: Crítica | H6: Aberto | I6: 08/04/2026 15:50:37 | L6: =IF(AND(J6<>"",K6<>""),(K6-J6)*24,"") | M6: Equipe 1 + Equipe 2 | N6: =IF(M6="Equipe 1",81,IF(M6="Equipe 2",81,IF(M6="Equipe 1 + Equipe 2",128,""))) -> 128 | O6: =IF(AND(L6<>"",N6<>""),L6*N6,"")
A7: CH-1775654848727 | B7: Diego Linhares | C7: CENTRO | D7: ADM | E7: Bebedouro | F7: Corretiva | G7: Crítica | H7: Concluído | I7: 08/04/2026 10:27:28 | J7: 09/04/2026 14:38:31 | K7: 09/04/2026 16:43:10 | L7: =IF(AND(J7<>"",K7<>""),(K7-J7)*24,"") -> 2.0775 | M7: Equipe 2 | N7: =IF(M7="Equipe 1",81,IF(M7="Equipe 2",81,IF(M7="Equipe 1 + Equipe 2",128,""))) -> 81 | O7: =IF(AND(L7<>"",N7<>""),L7*N7,"") -> 168.2775
A8: CH-1775609982340 | B8: Italo Rodrigues | C8: LOJA 12 | D8: Predial | E8: Padaria | F8: Corretiva | G8: Média | H8: Concluído | I8: 07/04/2026 21:59:42 | J8: 09/04/2026 17:00:46 | K8: 11/04/2026 11:50:25 | L8: =IF(AND(J8<>"",K8<>""),(K8-J8)*24,"") -> 42.8275 | M8: Equipe 2 | N8: =IF(M8="Equipe 1",81,IF(M8="Equipe 2",81,IF(M8="Equipe 1 + Equipe 2",128,""))) -> 81 | O8: =IF(AND(L8<>"",N8<>""),L8*N8,"") -> 3469.0275
A9: CH-1775558202685 | B9: Leonardo | C9: CD | D9: FRIOS | E9: Câmara de frios | F9: Corretiva | G9: Crítica | H9: Concluído | I9: 07/04/2026 07:36:42 | J9: 07/04/2026 21:58:17 | K9: 07/04/2026 21:58:17 | L9: =IF(AND(J9<>"",K9<>""),(K9-J9)*24,"") -> 0 | M9: Equipe 2 | N9: =IF(M9="Equipe 1",81,IF(M9="Equipe 2",81,IF(M9="Equipe 1 + Equipe 2",128,""))) -> 81 | O9: =IF(AND(L9<>"",N9<>""),L9*N9,"") -> 0
A10: CH-1775417585769 | B10: Polyana | C10: LOJA 16 | D10: Predial | E10: Calha do sobrado | F10: Emergencial | G10: Alta | H10: Aberto | I10: 05/04/2026 16:33:05 | L10: =IF(AND(J10<>"",K10<>""),(K10-J10)*24,"") | M10: Equipe 1 + Equipe 2 | N10: =IF(M10="Equipe 1",81,IF(M10="Equipe 2",81,IF(M10="Equipe 1 + Equipe 2",128,""))) -> 128 | O10: =IF(AND(L10<>"",N10<>""),L10*N10,"")
A11: CH-1775417399002 | B11: Wellington | C11: LOJA 18 | D11: Metalúrgica | E11: Check-out | F11: Corretiva | G11: Crítica | H11: Aberto | I11: 05/04/2026 16:29:59 | L11: =IF(AND(J11<>"",K11<>""),(K11-J11)*24,"") | M11: Equipe 2 | N11: =IF(M11="Equipe 1",81,IF(M11="Equipe 2",81,IF(M11="Equipe 1 + Equipe 2",128,""))) -> 81 | O11: =IF(AND(L11<>"",N11<>""),L11*N11,"")
A12: CH-1775417339049 | B12: Wellington | C12: LOJA 18 | D12: Metalúrgica | E12: Caixa pague contas | F12: Instalação | G12: Baixa | H12: Concluído | I12: 05/04/2026 16:28:59 | J12: 08/04/2026 11:52:50 | K12: 08/04/2026 11:52:50 | L12: =IF(AND(J12<>"",K12<>""),(K12-J12)*24,"") -> 0 | M12: Equipe 2 | N12: =IF(M12="Equipe 1",81,IF(M12="Equipe 2",81,IF(M12="Equipe 1 + Equipe 2",128,""))) -> 81 | O12: =IF(AND(L12<>"",N12<>""),L12*N12,"") -> 0
A13: CH-1775417276166 | B13: Wellington | C13: LOJA 18 | D13: Metalúrgica | E13: Área externa | F13: Instalação | G13: Média | H13: Concluído | I13: 05/04/2026 16:27:56 | J13: 08/04/2026 11:52:37 | K13: 08/04/2026 11:52:37 | L13: =IF(AND(J13<>"",K13<>""),(K13-J13)*24,"") -> 0 | M13: Equipe 1 + Equipe 2 | N13: =IF(M13="Equipe 1",81,IF(M13="Equipe 2",81,IF(M13="Equipe 1 + Equipe 2",128,""))) -> 128 | O13: =IF(AND(L13<>"",N13<>""),L13*N13,"") -> 0

Sheet Resumo por Loja
A1: Loja | B1: Custo Total
A2: LOJA 12 | B2: =SUMIF(Chamados!C:C,A2,Chamados!O:O) -> 3469.0275
A3: LOJA 13 | B3: =SUMIF(Chamados!C:C,A3,Chamados!O:O) -> 0
A4: LOJA 16 | B4: =SUMIF(Chamados!C:C,A4,Chamados!O:O) -> 0
A5: LOJA 18 | B5: =SUMIF(Chamados!C:C,A5,Chamados!O:O) -> 0
A6: CD | B6: =SUMIF(Chamados!C:C,A6,Chamados!O:O) -> 0.60444445
A7: CENTRO ADM | B7: =SUMIF(Chamados!C:C,A7,Chamados!O:O) -> 0
